{
    "nodi": 16533,
    "archi": 25215,
    "densita": 9.225329996804227e-05,
    "reciprocita": 0.6786436644854253,
    "avg_clustering_coefficient": 6.0491806337947544e-05,
    "avg_jaccard_similarity": 5.536287613555714e-07
}